Date,Customer ID,Gender,Age,Product Category,Quantity,Price per Unit,Total Amount
2024-01-01,C001,Male,25,Electronics,2,500,1000
2024-01-03,C002,Female,32,Clothing,3,300,900
2024-01-05,C003,Male,28,Beauty,1,250,250
2024-01-08,C004,Female,41,Electronics,2,750,1500
2024-01-10,C005,Male,35,Clothing,4,200,800
2024-01-13,C006,Female,23,Beauty,2,400,800
2024-01-15,C007,Male,45,Electronics,1,1200,1200
2024-01-18,C008,Female,29,Clothing,3,450,1350
2024-01-20,C009,Male,38,Beauty,2,300,600
2024-01-22,C010,Female,26,Electronics,1,900,900
2024-02-02,C011,Male,31,Clothing,2,350,700
2024-02-05,C012,Female,37,Beauty,3,250,750
2024-02-08,C013,Male,24,Electronics,2,600,1200
2024-02-11,C014,Female,42,Clothing,1,500,500
2024-02-14,C015,Male,33,Beauty,4,200,800
2024-02-17,C016,Female,27,Electronics,2,800,1600
2024-02-20,C017,Male,39,Clothing,3,300,900
2024-02-23,C018,Female,30,Beauty,1,450,450
2024-03-04,C020,Female,22,Clothing,4,250,1000
2024-03-07,C021,Male,36,Beauty,2,350,700
2024-03-10,C022,Female,28,Electronics,1,1500,1500
2024-03-13,C023,Male,43,Clothing,3,400,1200
2024-03-16,C024,Female,34,Beauty,2,300,600
2024-03-19,C025,Male,29,Electronics,1,700,700
2024-03-22,C026,Female,40,Clothing,2,450,900
2024-03-25,C027,Male,27,Beauty,3,250,750
2024-04-02,C028,Female,35,Electronics,2,850,1700
2024-04-05,C029,Male,44,Clothing,1,600,600
2024-04-08,C030,Female,31,Beauty,4,200,800
