Area,Rooms,Age,Location,Price
1200,2,10,Chennai,4500000
1500,3,8,Chennai,5500000
1800,3,5,Chennai,6800000
1000,2,15,Coimbatore,3200000
1400,3,10,Coimbatore,4500000
2000,4,5,Chennai,8000000
1100,2,12,Madurai,3000000
1600,3,7,Madurai,4800000
2200,4,4,Chennai,9000000
1300,2,9,Coimbatore,4000000
1700,3,6,Chennai,6500000
900,2,20,Madurai,2500000
1900,4,8,Coimbatore,7000000
1450,3,11,Madurai,4200000
2100,4,3,Chennai,8500000
1250,2,14,Coimbatore,3700000
1550,3,9,Madurai,4600000
2300,5,2,Chennai,9800000
1350,3,13,Coimbatore,4100000
1750,3,5,Madurai,5700000
2000,4,6,Chennai,7800000
1050,2,18,Madurai,2800000
1650,3,8,Coimbatore,5200000
2400,5,3,Chennai,10500000
1150,2,16,Madurai,3100000
1500,3,7,Coimbatore,4900000
1850,4,5,Chennai,7200000
1000,2,19,Madurai,2600000
1950,4,7,Coimbatore,6900000
2250,5,4,Chennai,9400000