fixed_acidity,volatile_acidity,citric_acid,residual_sugar,chlorides,free_sulfur_dioxide,total_sulfur_dioxide,density,pH,sulphates,alcohol,quality
7.4,0.70,0.00,1.9,0.076,11,34,0.9978,3.51,0.56,9.4,5
7.8,0.88,0.00,2.6,0.098,25,67,0.9968,3.20,0.68,9.8,5
7.8,0.76,0.04,2.3,0.092,15,54,0.9970,3.26,0.65,9.8,5
11.2,0.28,0.56,1.9,0.075,17,60,0.9980,3.16,0.58,9.8,6
7.4,0.70,0.00,1.9,0.076,11,34,0.9978,3.51,0.56,9.4,5
7.4,0.66,0.00,1.8,0.075,13,40,0.9978,3.51,0.56,9.4,5
7.9,0.60,0.06,1.6,0.069,15,59,0.9964,3.30,0.46,9.4,5
7.3,0.65,0.00,1.2,0.065,15,21,0.9946,3.39,0.47,10.0,7
7.8,0.58,0.02,2.0,0.073,9,18,0.9968,3.36,0.57,9.5,7
7.5,0.50,0.36,6.1,0.071,17,102,0.9978,3.35,0.80,10.5,5
6.7,0.58,0.08,1.8,0.097,15,65,0.9959,3.28,0.54,9.2,5
7.5,0.50,0.36,6.1,0.071,17,102,0.9978,3.35,0.80,10.5,6
6.9,0.40,0.14,2.4,0.085,21,40,0.9968,3.43,0.63,9.4,6
8.0,0.58,0.28,3.3,0.084,21,75,0.9968,3.37,0.52,9.9,5
6.3,0.61,0.10,1.8,0.080,11,25,0.9951,3.48,0.61,9.8,5
7.9,0.43,0.21,1.6,0.106,10,37,0.9966,3.17,0.91,9.5,5
8.5,0.49,0.11,2.3,0.084,9,42,0.9968,3.17,0.53,9.8,5
7.6,0.51,0.14,2.1,0.110,8,38,0.9979,3.26,0.66,9.6,6
7.9,0.34,0.36,1.9,0.065,5,10,0.9946,3.27,0.54,11.0,7
8.9,0.66,0.33,2.2,0.077,9,18,0.9970,3.39,0.53,9.4,5